,gene_ids
4732440D04Rik,ENSMUSG00000090031
Il17a,ENSMUSG00000025929
Mcm3,ENSMUSG00000041859
Khdc1a,ENSMUSG00000067750
Ptp4a1,ENSMUSG00000026064
Dst,ENSMUSG00000026131
Neurl3,ENSMUSG00000047180
Fam178b,ENSMUSG00000046337
Zap70,ENSMUSG00000026117
Gm15832,ENSMUSG00000085894
Map4k4,ENSMUSG00000026074
Il1r2,ENSMUSG00000026073
Il1rl1,ENSMUSG00000026069
Il18r1,ENSMUSG00000026070
Il18rap,ENSMUSG00000026068
Fhl2,ENSMUSG00000008136
Gm8251,ENSMUSG00000091844
Slc40a1,ENSMUSG00000025993
Nabp1,ENSMUSG00000026107
Gm17767,ENSMUSG00000099413
Stat4,ENSMUSG00000062939
Mfsd6,ENSMUSG00000041439
Pgap1,ENSMUSG00000073678
Hspd1,ENSMUSG00000025980
Sgo2a,ENSMUSG00000026039
Cd28,ENSMUSG00000026012
Ctla4,ENSMUSG00000026011
Icos,ENSMUSG00000026009
Klf7,ENSMUSG00000025959
2810408I11Rik,ENSMUSG00000087213
Ikzf2,ENSMUSG00000025997
Gm28112,ENSMUSG00000099954
Fn1,ENSMUSG00000026193
Mreg,ENSMUSG00000039395
Cxcr2,ENSMUSG00000026180
Cxcr1,ENSMUSG00000048480
Catip,ENSMUSG00000073650
Glb1l,ENSMUSG00000026200
Serpine2,ENSMUSG00000026249
Pid1,ENSMUSG00000045658
Gpr55,ENSMUSG00000049608
Sag,ENSMUSG00000056055
Hjurp,ENSMUSG00000044783
Rbm44,ENSMUSG00000070732
Ramp1,ENSMUSG00000034353
Gpc1,ENSMUSG00000034220
Pdcd1,ENSMUSG00000026285
St8sia4,ENSMUSG00000040710
Bcl2,ENSMUSG00000057329
Serpinb2,ENSMUSG00000062345
2900060B14Rik,ENSMUSG00000107722
Mcm6,ENSMUSG00000026355
Cd55,ENSMUSG00000026399
Fcmr,ENSMUSG00000042474
Il10,ENSMUSG00000016529
Slc41a1,ENSMUSG00000013275
Nucks1,ENSMUSG00000026434
Plekha6,ENSMUSG00000041757
Lax1,ENSMUSG00000051998
Chil1,ENSMUSG00000064246
Ube2t,ENSMUSG00000026429
Ptpn7,ENSMUSG00000031506
Csrp1,ENSMUSG00000026421
Phlda3,ENSMUSG00000041801
Cacna1s,ENSMUSG00000026407
Gm19705,ENSMUSG00000097113
Gm4258,ENSMUSG00000098243
Aspm,ENSMUSG00000033952
Ptgs2os,ENSMUSG00000097028
Ptgs2,ENSMUSG00000032487
Ptgs2os2,ENSMUSG00000097754
1700025G04Rik,ENSMUSG00000032666
Rgl1,ENSMUSG00000026482
Lamc1,ENSMUSG00000026478
E330020D12Rik,ENSMUSG00000073538
Dhx9,ENSMUSG00000042699
C230024C17Rik,ENSMUSG00000100334
Rgs16,ENSMUSG00000026475
Rnasel,ENSMUSG00000066800
Gm9530,ENSMUSG00000096950
Ralgps2,ENSMUSG00000026594
4930523C07Rik,ENSMUSG00000090394
Rabgap1l,ENSMUSG00000026721
Tnfsf4,ENSMUSG00000026700
Fasl,ENSMUSG00000000817
Suco,ENSMUSG00000040297
Selp,ENSMUSG00000026580
Atp1b1,ENSMUSG00000026576
Xcl1,ENSMUSG00000026573
Tiprl,ENSMUSG00000040843
Rcsd1,ENSMUSG00000040723
Gm16565,ENSMUSG00000089829
Cd247,ENSMUSG00000005763
Uap1,ENSMUSG00000026670
Fcrla,ENSMUSG00000038421
Fcgr4,ENSMUSG00000059089
B930036N10Rik,ENSMUSG00000091993
Slamf7,ENSMUSG00000038179
Slamf1,ENSMUSG00000015316
Slamf6,ENSMUSG00000015314
Slamf9,ENSMUSG00000026548
Ifi214,ENSMUSG00000070501
Zbtb18,ENSMUSG00000063659
B230369F24Rik,ENSMUSG00000086350
Lefty1,ENSMUSG00000038793
Enah,ENSMUSG00000022995
Dusp10,ENSMUSG00000039384
Gm37800,ENSMUSG00000103308
Eprs,ENSMUSG00000026615
Cenpf,ENSMUSG00000026605
Fam71a,ENSMUSG00000091017
Atf3,ENSMUSG00000026628
Gm37168,ENSMUSG00000103174
Dtl,ENSMUSG00000037474
Lamb3,ENSMUSG00000026639
Hsd11b1,ENSMUSG00000016194
G0s2,ENSMUSG00000009633
Meig1,ENSMUSG00000026650
Fam107b,ENSMUSG00000026655
Mcm10,ENSMUSG00000026669
Optn,ENSMUSG00000026672
Echdc3,ENSMUSG00000039063
Gm13391,ENSMUSG00000086109
Gata3,ENSMUSG00000015619
Prkcq,ENSMUSG00000026778
Gm10851,ENSMUSG00000102329
Il2ra,ENSMUSG00000026770
Mrc1,ENSMUSG00000026712
Nebl,ENSMUSG00000053702
Msrb2,ENSMUSG00000023094
Thnsl1,ENSMUSG00000048550
Hnmt,ENSMUSG00000026986
Il1f9,ENSMUSG00000044103
Il1rn,ENSMUSG00000026981
Pnpla7,ENSMUSG00000036833
Nrarp,ENSMUSG00000078202
Bmyc,ENSMUSG00000049086
Gpsm1,ENSMUSG00000026930
Lcn4,ENSMUSG00000026919
Gm10134,ENSMUSG00000063611
Ier5l,ENSMUSG00000089762
Qrfp,ENSMUSG00000043102
Lcn2,ENSMUSG00000026822
Fam102a,ENSMUSG00000039157
Sh2d3c,ENSMUSG00000059013
Traf1,ENSMUSG00000026875
Nek6,ENSMUSG00000026749
Rnd3,ENSMUSG00000017144
Tnfaip6,ENSMUSG00000053475
Neb,ENSMUSG00000026950
Arl5a,ENSMUSG00000036093
Fmnl2,ENSMUSG00000036053
Nr4a2,ENSMUSG00000026826
Gm13546,ENSMUSG00000086862
Ccdc148,ENSMUSG00000036641
Dapl1,ENSMUSG00000026989
Ly75,ENSMUSG00000026980
Fap,ENSMUSG00000000392
Spc25,ENSMUSG00000005233
Dhrs9,ENSMUSG00000027068
Fastkd1,ENSMUSG00000027086
Pdk1,ENSMUSG00000006494
Cdca7,ENSMUSG00000055612
Gpr155,ENSMUSG00000041762
Ttn,ENSMUSG00000051747
Itga4,ENSMUSG00000027009
Itgav,ENSMUSG00000027087
Rapsn,ENSMUSG00000002104
Nr1h3,ENSMUSG00000002108
Mdk,ENSMUSG00000027239
Cd82,ENSMUSG00000027215
Gm10800,ENSMUSG00000075014
Ccdc34,ENSMUSG00000027160
Rasgrp1,ENSMUSG00000027347
Thbs1,ENSMUSG00000040152
Knl1,ENSMUSG00000027326
Rad51,ENSMUSG00000027323
Chac1,ENSMUSG00000027313
Nusap1,ENSMUSG00000027306
Ubr1,ENSMUSG00000027272
Ppip5k1,ENSMUSG00000033526
Wdr76,ENSMUSG00000027242
Frmd5,ENSMUSG00000027238
Trim69,ENSMUSG00000033368
Slc28a2,ENSMUSG00000027219
Gatm,ENSMUSG00000027199
AA467197,ENSMUSG00000033213
Sema6d,ENSMUSG00000027200
Dut,ENSMUSG00000027203
Hdc,ENSMUSG00000027360
Dusp2,ENSMUSG00000027368
Bub1,ENSMUSG00000027379
Gm14010,ENSMUSG00000079053
Zc3h8,ENSMUSG00000027387
Zc3h6,ENSMUSG00000042851
Polr1b,ENSMUSG00000027395
Gm14029,ENSMUSG00000086652
Slc20a1,ENSMUSG00000027397
Il1a,ENSMUSG00000027399
Il1bos,ENSMUSG00000074805
Cdc25b,ENSMUSG00000027330
Smox,ENSMUSG00000027333
Prnp,ENSMUSG00000079037
AU019990,ENSMUSG00000074783
Tmx4,ENSMUSG00000034723
Plcb4,ENSMUSG00000039943
Jag1,ENSMUSG00000027276
Flrt3,ENSMUSG00000051379
Thbd,ENSMUSG00000074743
Cd93,ENSMUSG00000027435
Cst7,ENSMUSG00000068129
Acss1,ENSMUSG00000027452
Gins1,ENSMUSG00000027454
Sdcbp2,ENSMUSG00000027456
Fam110a,ENSMUSG00000027459
Trib3,ENSMUSG00000032715
Mcts2,ENSMUSG00000042814
Id1,ENSMUSG00000042745
Bcl2l1,ENSMUSG00000007659
Tpx2,ENSMUSG00000027469
Procr,ENSMUSG00000027611
Tgm2,ENSMUSG00000037820
Ppp1r16b,ENSMUSG00000037754
Fam83d,ENSMUSG00000027654
Mafb,ENSMUSG00000074622
Slpi,ENSMUSG00000017002
Sdc4,ENSMUSG00000017009
Ube2c,ENSMUSG00000001403
Pltp,ENSMUSG00000017754
Mmp9,ENSMUSG00000017737
Cd40,ENSMUSG00000017652
Zmynd8,ENSMUSG00000039671
Arfgef2,ENSMUSG00000074582
Snai1,ENSMUSG00000042821
9230111E07Rik,ENSMUSG00000087624
Aurka,ENSMUSG00000027496
Bmp7,ENSMUSG00000008999
Pmepa1,ENSMUSG00000038400
Zfp831,ENSMUSG00000050600
Phactr3,ENSMUSG00000027525
Slco4a1,ENSMUSG00000038963
Slc17a9,ENSMUSG00000023393
Zbtb46,ENSMUSG00000027583
Zbtb10,ENSMUSG00000069114
Fabp5,ENSMUSG00000027533
Fabp4,ENSMUSG00000062515
Lrrcc1,ENSMUSG00000027550
Car2,ENSMUSG00000027562
Gm9733,ENSMUSG00000078783
Cyp7b1,ENSMUSG00000039519
Pde7a,ENSMUSG00000069094
Tnik,ENSMUSG00000027692
Eif5a2,ENSMUSG00000050192
Phc3,ENSMUSG00000037652
Gnb4,ENSMUSG00000027669
Ccna2,ENSMUSG00000027715
4932438A13Rik,ENSMUSG00000037270
Spry1,ENSMUSG00000037211
Hspa4l,ENSMUSG00000025757
D3Ertd751e,ENSMUSG00000025766
Slc7a11,ENSMUSG00000027737
Foxo1,ENSMUSG00000044167
Gpr171,ENSMUSG00000050075
P2ry14,ENSMUSG00000036381
Tiparp,ENSMUSG00000034640
Lekr1,ENSMUSG00000074579
Schip1,ENSMUSG00000027777
Smc4,ENSMUSG00000034349
Gm1647,ENSMUSG00000094763
Rapgef2,ENSMUSG00000062232
4930589L23Rik,ENSMUSG00000068957
Tlr2,ENSMUSG00000027995
Cd1d1,ENSMUSG00000028076
Fcrls,ENSMUSG00000015852
Fcrl1,ENSMUSG00000059994
Etv3,ENSMUSG00000003382
Sh2d2a,ENSMUSG00000028071
Tsacc,ENSMUSG00000010538
Lmna,ENSMUSG00000028063
1500004A13Rik,ENSMUSG00000098912
Fdps,ENSMUSG00000059743
Fam189b,ENSMUSG00000032657
Muc1,ENSMUSG00000042784
Cks1b,ENSMUSG00000028044
Pmvk,ENSMUSG00000027952
Gm42809,ENSMUSG00000105941
1700094D03Rik,ENSMUSG00000118506
Rab13,ENSMUSG00000027935
Slc27a3,ENSMUSG00000027932
S100a8,ENSMUSG00000056054
S100a9,ENSMUSG00000056071
Ctsk,ENSMUSG00000028111
Ecm1,ENSMUSG00000028108
Ciart,ENSMUSG00000038550
Otud7b,ENSMUSG00000038495
Hist2h4,ENSMUSG00000091405
Gm15441,ENSMUSG00000074398
Txnip,ENSMUSG00000038393
Lix1l,ENSMUSG00000049288
Nudt17,ENSMUSG00000028100
Cd160,ENSMUSG00000038304
Fmo5,ENSMUSG00000028088
Phgdh,ENSMUSG00000053398
Cd101,ENSMUSG00000086564
Cd2,ENSMUSG00000027863
Ptpn22,ENSMUSG00000027843
Gm15472,ENSMUSG00000084760
Gm43581,ENSMUSG00000105199
Rhoc,ENSMUSG00000002233
Chil3,ENSMUSG00000040809
Dennd2d,ENSMUSG00000027901
Csf1,ENSMUSG00000014599
Psrc1,ENSMUSG00000068744
S1pr1,ENSMUSG00000045092
Vcam1,ENSMUSG00000027962
F3,ENSMUSG00000028128
Gclm,ENSMUSG00000028124
Gm17494,ENSMUSG00000057359
Bcar3,ENSMUSG00000028121
Fnbp1l,ENSMUSG00000039735
Usp53,ENSMUSG00000039701
Egf,ENSMUSG00000028017
Lef1,ENSMUSG00000027985
Sgms2,ENSMUSG00000050931
Cenpe,ENSMUSG00000045328
Bank1,ENSMUSG00000037922
Gm43403,ENSMUSG00000105676
Mttp,ENSMUSG00000028158
Gbp5,ENSMUSG00000105504
Gbp2,ENSMUSG00000028270
Gm43445,ENSMUSG00000104969
Adgrl4,ENSMUSG00000039167
Ifi44,ENSMUSG00000028037
St6galnac3,ENSMUSG00000052544
Cryz,ENSMUSG00000028199
Depdc1a,ENSMUSG00000028175
Penk,ENSMUSG00000045573
Tox,ENSMUSG00000041272
Asph,ENSMUSG00000028207
2610301B20Rik,ENSMUSG00000059482
Trp53inp1,ENSMUSG00000028211
Ccne2,ENSMUSG00000028212
Gem,ENSMUSG00000028214
Tmem64,ENSMUSG00000043252
Atp6v0d2,ENSMUSG00000028238
Rragd,ENSMUSG00000028278
Zfp292,ENSMUSG00000039967
Dnaja1,ENSMUSG00000028410
Aqp3,ENSMUSG00000028435
Cd72,ENSMUSG00000028459
Sit1,ENSMUSG00000028460
Tpm2,ENSMUSG00000028464
Fam221b,ENSMUSG00000043633
Glipr2,ENSMUSG00000028480
Melk,ENSMUSG00000035683
Zcchc7,ENSMUSG00000035649
Gm568,ENSMUSG00000048824
Nr4a3,ENSMUSG00000028341
Smc2,ENSMUSG00000028312
Abca1,ENSMUSG00000015243
Fktn,ENSMUSG00000028414
Klf4,ENSMUSG00000003032
Ugcg,ENSMUSG00000028381
Slc46a2,ENSMUSG00000028386
Slc31a2,ENSMUSG00000066152
Bspry,ENSMUSG00000028392
Alad,ENSMUSG00000028393
Tnfsf15,ENSMUSG00000050395
Tnfsf8,ENSMUSG00000028362
Tlr4,ENSMUSG00000039005
Ttc39b,ENSMUSG00000038172
Psip1,ENSMUSG00000028484
Cdkn2b,ENSMUSG00000073802
Gm12703,ENSMUSG00000052767
Junos,ENSMUSG00000087366
Hook1,ENSMUSG00000028572
E130102H24Rik,ENSMUSG00000086782
Sgip1,ENSMUSG00000028524
Lrp8,ENSMUSG00000028613
Tut4,ENSMUSG00000034610
Faah,ENSMUSG00000034171
Lrrc41,ENSMUSG00000028703
Prdx1,ENSMUSG00000028691
Btbd19,ENSMUSG00000073771
Plk3,ENSMUSG00000028680
Gm12840,ENSMUSG00000086320
Kdm4a,ENSMUSG00000033326
Cdc20,ENSMUSG00000006398
Ccdc30,ENSMUSG00000028637
Cited4,ENSMUSG00000070803
Mycl,ENSMUSG00000028654
Pou3f1,ENSMUSG00000090125
Fhl3,ENSMUSG00000032643
Cdca8,ENSMUSG00000028873
Csf3r,ENSMUSG00000028859
Gm12940,ENSMUSG00000085334
Trim62,ENSMUSG00000041000
Marcksl1,ENSMUSG00000047945
Lck,ENSMUSG00000000409
Fabp3,ENSMUSG00000028773
Epb41,ENSMUSG00000028906
Snhg12,ENSMUSG00000086290
Rpa2,ENSMUSG00000028884
Sfn,ENSMUSG00000047281
Zdhhc18,ENSMUSG00000037553
Hmgn2,ENSMUSG00000003038
Stmn1,ENSMUSG00000028832
Selenon,ENSMUSG00000050989
Ncmap,ENSMUSG00000043924
Id3,ENSMUSG00000007872
C1qb,ENSMUSG00000036905
C1qc,ENSMUSG00000036896
C1qa,ENSMUSG00000036887
2810405F17Rik,ENSMUSG00000101493
Camk2n1,ENSMUSG00000046447
Pdpn,ENSMUSG00000028583
Dhrs3,ENSMUSG00000066026
Srm,ENSMUSG00000006442
Cenps,ENSMUSG00000073705
Clstn1,ENSMUSG00000039953
Errfi1,ENSMUSG00000028967
Tnfrsf9,ENSMUSG00000028965
Per3,ENSMUSG00000028957
Tnfrsf25,ENSMUSG00000024793
Espn,ENSMUSG00000028943
Mib2,ENSMUSG00000029060
Sdf4,ENSMUSG00000029076
Tnfrsf4,ENSMUSG00000029075
Tnfrsf18,ENSMUSG00000041954
AW011738,ENSMUSG00000078349
Perm1,ENSMUSG00000078486
Cdk6,ENSMUSG00000040274
Gm17590,ENSMUSG00000106588
Akap9,ENSMUSG00000040407
Gm43727,ENSMUSG00000106202
Steap4,ENSMUSG00000012428
Dbf4,ENSMUSG00000002297
Rundc3b,ENSMUSG00000040570
Cd36,ENSMUSG00000002944
Fgl2,ENSMUSG00000039899
Srpk2,ENSMUSG00000062604
Il6,ENSMUSG00000025746
Tyms,ENSMUSG00000025747
Cenpa,ENSMUSG00000029177
Zfp512,ENSMUSG00000062761
Gm43660,ENSMUSG00000107352
Yes1,ENSMUSG00000014932
Mxd4,ENSMUSG00000037235
Jakmip1,ENSMUSG00000063646
Cpeb2,ENSMUSG00000039782
Fbxl5,ENSMUSG00000039753
Bst1,ENSMUSG00000029082
Arap2,ENSMUSG00000037999
Rell1,ENSMUSG00000047881
Tlr6,ENSMUSG00000051498
Rhoh,ENSMUSG00000029204
Txk,ENSMUSG00000054892
Fryl,ENSMUSG00000070733
Dcun1d4,ENSMUSG00000051674
Kit,ENSMUSG00000005672
Kdr,ENSMUSG00000062960
Hopx,ENSMUSG00000059325
Igfbp7,ENSMUSG00000036256
Ppbp,ENSMUSG00000029372
Pf4,ENSMUSG00000029373
Cxcl3,ENSMUSG00000029379
Cxcl1,ENSMUSG00000029380
Areg,ENSMUSG00000029378
Naaa,ENSMUSG00000029413
Cxcl9,ENSMUSG00000029417
Anxa3,ENSMUSG00000029484
Gm8013,ENSMUSG00000106357
Antxr2,ENSMUSG00000029338
Rasgef1b,ENSMUSG00000089809
Tmem150c,ENSMUSG00000050640
Ptpn13,ENSMUSG00000034573
Spp1,ENSMUSG00000029304
Gbp8,ENSMUSG00000034438
Gbp4,ENSMUSG00000079363
Gbp6,ENSMUSG00000104713
Gm17655,ENSMUSG00000090963
Pxmp2,ENSMUSG00000029499
Grk3,ENSMUSG00000042249
Tmem119,ENSMUSG00000054675
Ung,ENSMUSG00000029591
Gm13822,ENSMUSG00000087477
Oasl1,ENSMUSG00000041827
Dtx1,ENSMUSG00000029603
Hvcn1,ENSMUSG00000064267
P2rx7,ENSMUSG00000029468
Kdm2b,ENSMUSG00000029475
Rhof,ENSMUSG00000029449
Bcl7a,ENSMUSG00000029438
Gm43813,ENSMUSG00000106636
Hcar2,ENSMUSG00000045502
Hip1r,ENSMUSG00000000915
Vps37b,ENSMUSG00000066278
Abcb9,ENSMUSG00000029408
Ccdc92,ENSMUSG00000037979
Ncf1,ENSMUSG00000015950
Gtf2i,ENSMUSG00000060261
Ccl24,ENSMUSG00000004814
Hspb1,ENSMUSG00000004951
Serpine1,ENSMUSG00000037411
Trim56,ENSMUSG00000043279
Ufsp1,ENSMUSG00000051502
Mcm7,ENSMUSG00000029730
Pdgfa,ENSMUSG00000025856
Zfand2a,ENSMUSG00000053581
Fbxl18,ENSMUSG00000066640
Fscn1,ENSMUSG00000029581
Cyth3,ENSMUSG00000018001
Tecpr1,ENSMUSG00000066621
Hsph1,ENSMUSG00000029657
Gng11,ENSMUSG00000032766
Asns,ENSMUSG00000029752
A430035B10Rik,ENSMUSG00000087305
Gm20186,ENSMUSG00000106874
Hilpda,ENSMUSG00000043421
Fam71f2,ENSMUSG00000079652
Strip2,ENSMUSG00000039629
Cald1,ENSMUSG00000029761
Braf,ENSMUSG00000002413
Clec5a,ENSMUSG00000029915
Prss2,ENSMUSG00000057163
Trbc1,ENSMUSG00000076490
Trbc2,ENSMUSG00000076498
Ezh2,ENSMUSG00000029687
Zfp956,ENSMUSG00000045466
Gimap8,ENSMUSG00000064262
Gimap9,ENSMUSG00000051124
Gimap4,ENSMUSG00000054435
Gimap6,ENSMUSG00000047867
Gimap7,ENSMUSG00000043931
Gimap1os,ENSMUSG00000044867
Gimap1,ENSMUSG00000090019
Gimap5,ENSMUSG00000043505
4833403J16Rik,ENSMUSG00000107481
Gimap3,ENSMUSG00000039264
Tmem176b,ENSMUSG00000029810
Tmem176a,ENSMUSG00000023367
Gpnmb,ENSMUSG00000029816
Ccdc126,ENSMUSG00000050786
Fam221a,ENSMUSG00000047115
Npy,ENSMUSG00000029819
Osbpl3,ENSMUSG00000029822
Cbx3,ENSMUSG00000029836
Creb5,ENSMUSG00000053007
Mturn,ENSMUSG00000038065
Hpgds,ENSMUSG00000029919
Tnip3,ENSMUSG00000044162
Gadd45a,ENSMUSG00000036390
Il12rb2,ENSMUSG00000018341
Tacstd2,ENSMUSG00000051397
Gm30211,ENSMUSG00000105646
Igkc,ENSMUSG00000076609
Cd8b1,ENSMUSG00000053044
Cd8a,ENSMUSG00000053977
Gm45051,ENSMUSG00000108435
Vamp5,ENSMUSG00000073002
Gm20594,ENSMUSG00000096887
Gm43936,ENSMUSG00000107876
Asprv1,ENSMUSG00000033508
Gfpt1,ENSMUSG00000029992
H1fx,ENSMUSG00000044927
Mcm2,ENSMUSG00000002870
Iqsec1,ENSMUSG00000034312
Frmd4b,ENSMUSG00000030064
Crbn,ENSMUSG00000005362
Rpusd3,ENSMUSG00000051169
Vgll4,ENSMUSG00000030315
Ift122,ENSMUSG00000030323
Tmcc1,ENSMUSG00000030126
Ankrd26,ENSMUSG00000007827
Wnk1,ENSMUSG00000045962
Tuba8,ENSMUSG00000030137
Usp18,ENSMUSG00000030107
Slc6a13,ENSMUSG00000030108
Klrg1,ENSMUSG00000030114
Gm16556,ENSMUSG00000090192
Gdf3,ENSMUSG00000030117
Dppa3,ENSMUSG00000046323
Slc2a3,ENSMUSG00000003153
C3ar1,ENSMUSG00000040552
Clec4b1,ENSMUSG00000030147
Clec4a2,ENSMUSG00000030148
Clec4n,ENSMUSG00000023349
Clec4d,ENSMUSG00000030144
Clec4e,ENSMUSG00000030142
Tpi1,ENSMUSG00000023456
Cdca3,ENSMUSG00000023505
Cd4,ENSMUSG00000023274
Lag3,ENSMUSG00000030124
Ptms,ENSMUSG00000030122
Acrbp,ENSMUSG00000072770
Cd27,ENSMUSG00000030336
Cd9,ENSMUSG00000030342
Gm28809,ENSMUSG00000101191
Ccnd2,ENSMUSG00000000184
Tulp3,ENSMUSG00000001521
Klrb1a,ENSMUSG00000030361
Klrb1c,ENSMUSG00000030325
Klrb1b,ENSMUSG00000079298
Klrb1f,ENSMUSG00000030154
2310001H17Rik,ENSMUSG00000097354
Cd69,ENSMUSG00000030156
Clec12a,ENSMUSG00000053063
Clec1a,ENSMUSG00000033082
Klre1,ENSMUSG00000050241
Klrd1,ENSMUSG00000030165
Klrk1,ENSMUSG00000030149
Klrc2,ENSMUSG00000052736
Klrc1,ENSMUSG00000030167
Klri2,ENSMUSG00000043932
Gm156,ENSMUSG00000071158
Klra17,ENSMUSG00000014543
Klra5,ENSMUSG00000030173
Klra6,ENSMUSG00000061769
Klra4,ENSMUSG00000079852
Klra8,ENSMUSG00000089727
Klra9,ENSMUSG00000033024
Klra7,ENSMUSG00000067599
Klra3,ENSMUSG00000067591
Klra1,ENSMUSG00000079853
Styk1,ENSMUSG00000032899
Bcl2l14,ENSMUSG00000030200
Dusp16,ENSMUSG00000030203
Lockd,ENSMUSG00000098318
Emp1,ENSMUSG00000030208
Hist4h4,ENSMUSG00000096010
Pde6h,ENSMUSG00000064330
Mgst1,ENSMUSG00000008540
Aebp2,ENSMUSG00000030232
Kcnj8,ENSMUSG00000030247
Casc1,ENSMUSG00000043541
Bhlhe41,ENSMUSG00000030256
Itpr2,ENSMUSG00000030287
Med21,ENSMUSG00000030291
Caprin2,ENSMUSG00000030309
Amn1,ENSMUSG00000068250
Resf1,ENSMUSG00000032712
Lair1,ENSMUSG00000055541
Lilra5,ENSMUSG00000070873
Ncr1,ENSMUSG00000062524
Eps8l1,ENSMUSG00000006154
Lig1,ENSMUSG00000056394
C5ar1,ENSMUSG00000049130
Prkd2,ENSMUSG00000041187
Pglyrp1,ENSMUSG00000030413
Gm26802,ENSMUSG00000097266
Fosb,ENSMUSG00000003545
Apoc2,ENSMUSG00000002992
Apoc1,ENSMUSG00000040564
Apoe,ENSMUSG00000002985
Gm16174,ENSMUSG00000087593
Cd79a,ENSMUSG00000003379
Pou2f2,ENSMUSG00000008496
Dedd2,ENSMUSG00000054499
Zfp60,ENSMUSG00000037640
Zfp850,ENSMUSG00000096916
Rinl,ENSMUSG00000051735
Lgals7,ENSMUSG00000053522
1110035H17Rik,ENSMUSG00000099098
Spint2,ENSMUSG00000074227
Sdhaf1,ENSMUSG00000074211
E130208F15Rik,ENSMUSG00000074210
Hcst,ENSMUSG00000064109
Nfkbid,ENSMUSG00000036931
Igflr1,ENSMUSG00000036826
Zbtb32,ENSMUSG00000006310
Dmkn,ENSMUSG00000060962
Ffar2,ENSMUSG00000051314
Cd22,ENSMUSG00000030577
Gramd1a,ENSMUSG00000001248
Cebpa,ENSMUSG00000034957
Zfp507,ENSMUSG00000044452
Tshz3,ENSMUSG00000021217
Zfp619,ENSMUSG00000068959
Siglecg,ENSMUSG00000030468
Nkg7,ENSMUSG00000004612
Cd33,ENSMUSG00000004609
Klk8,ENSMUSG00000064023
Klk1b27,ENSMUSG00000063177
Klk1,ENSMUSG00000063903
Spib,ENSMUSG00000008193
Atf5,ENSMUSG00000038539
Il4i1,ENSMUSG00000074141
Fcgrt,ENSMUSG00000003420
Cd37,ENSMUSG00000030798
Rasip1,ENSMUSG00000044562
Sult2b1,ENSMUSG00000003271
Saa3,ENSMUSG00000040026
Mrgpra2b,ENSMUSG00000096719
Slc17a6,ENSMUSG00000030500
Siglech,ENSMUSG00000051504
Fan1,ENSMUSG00000033458
Chsy1,ENSMUSG00000032640
Gm44752,ENSMUSG00000109119
Igf1r,ENSMUSG00000005533
Fam169b,ENSMUSG00000074071
Arrdc4,ENSMUSG00000042659
Mctp2,ENSMUSG00000032776
Chd2,ENSMUSG00000078671
Akap13,ENSMUSG00000066406
AU020206,ENSMUSG00000097415
Ntrk3,ENSMUSG00000059146
Isg20,ENSMUSG00000039236
Mfge8,ENSMUSG00000030605
Abhd2,ENSMUSG00000039202
Anpep,ENSMUSG00000039062
Sema4b,ENSMUSG00000030539
Prc1,ENSMUSG00000038943
Man2a2,ENSMUSG00000038886
Furin,ENSMUSG00000030530
Gm15880,ENSMUSG00000084821
Zscan2,ENSMUSG00000038797
Sytl2,ENSMUSG00000030616
Kctd14,ENSMUSG00000051727
Lrrc32,ENSMUSG00000090958
Wnt11,ENSMUSG00000015957
Lipt2,ENSMUSG00000030725
Pgm2l1,ENSMUSG00000030729
Fchsd2,ENSMUSG00000030691
Pde2a,ENSMUSG00000110195
Folr2,ENSMUSG00000032725
Il18bp,ENSMUSG00000070427
Xndc1,ENSMUSG00000099481
Rrm1,ENSMUSG00000030978
Trim6,ENSMUSG00000072244
Trim30b,ENSMUSG00000052749
Cavin3,ENSMUSG00000037060
Swap70,ENSMUSG00000031015
Sbf2,ENSMUSG00000038371
Calca,ENSMUSG00000030669
Polr3e,ENSMUSG00000030880
Lat,ENSMUSG00000030742
Atp2a1,ENSMUSG00000030730
Nupr1,ENSMUSG00000030717
Spn,ENSMUSG00000051457
Sept1,ENSMUSG00000000486
Sephs2,ENSMUSG00000049091
Ccdc189,ENSMUSG00000057176
Cox6a2,ENSMUSG00000030785
Mki67,ENSMUSG00000031004
Mgmt,ENSMUSG00000054612
Bnip3,ENSMUSG00000078566
Utf1,ENSMUSG00000047751
Adam8,ENSMUSG00000025473
Cd163l1,ENSMUSG00000025461
Ifitm1,ENSMUSG00000025491
Ifitm6,ENSMUSG00000059108
Pkp3,ENSMUSG00000054065
Sct,ENSMUSG00000038580
Ifitm10,ENSMUSG00000045777
Tnni2,ENSMUSG00000031097
Cd81,ENSMUSG00000037706
Kcnq1ot1,ENSMUSG00000101609
Cdkn1c,ENSMUSG00000037664
Tnfrsf26,ENSMUSG00000045362
E230032D23Rik,ENSMUSG00000109251
Tnfrsf23,ENSMUSG00000037613
Osbpl5,ENSMUSG00000037606
Ccnd1,ENSMUSG00000070348
Arhgef18,ENSMUSG00000004568
Retn,ENSMUSG00000012705
Mcemp1,ENSMUSG00000013974
Cd209a,ENSMUSG00000031494
Cd209d,ENSMUSG00000031495
Cers4,ENSMUSG00000008206
Shcbp1,ENSMUSG00000022322
Irs2,ENSMUSG00000038894
F10,ENSMUSG00000031444
Tmco3,ENSMUSG00000038497
Gm5608,ENSMUSG00000110278
Tdrp,ENSMUSG00000050052
Kbtbd11,ENSMUSG00000055675
5830468F06Rik,ENSMUSG00000098322
Gm15056,ENSMUSG00000082976
Ckap2,ENSMUSG00000037725
Plat,ENSMUSG00000031538
Fgfr1,ENSMUSG00000031565
D830025C05Rik,ENSMUSG00000043794
Hgsnat,ENSMUSG00000037260
Pomk,ENSMUSG00000037251
Rnf122,ENSMUSG00000039328
Nrg1,ENSMUSG00000062991
Purg,ENSMUSG00000049184
Gsr,ENSMUSG00000031584
Rbpms,ENSMUSG00000031586
Gm26632,ENSMUSG00000097442
Gm29243,ENSMUSG00000100605
Dusp4,ENSMUSG00000031530
Ppp1r3b,ENSMUSG00000046794
Ankrd37,ENSMUSG00000050914
Acsl1,ENSMUSG00000018796
Cenpu,ENSMUSG00000031629
Cdkn2aip,ENSMUSG00000038069
Neil3,ENSMUSG00000039396
Hpgd,ENSMUSG00000031613
Hmgb2,ENSMUSG00000054717
Clcn3,ENSMUSG00000004319
Palld,ENSMUSG00000058056
Ddx60,ENSMUSG00000037921
Psd3,ENSMUSG00000030465
Lpl,ENSMUSG00000015568
D130040H23Rik,ENSMUSG00000079038
Gdf15,ENSMUSG00000038508
Iqcn,ENSMUSG00000110622
Cyp4f18,ENSMUSG00000003484
Klf2,ENSMUSG00000055148
Hmox1,ENSMUSG00000005413
Mcm5,ENSMUSG00000005410
Inpp4b,ENSMUSG00000037940
Il15,ENSMUSG00000031712
Dnajb1,ENSMUSG00000005483
Adgrl1,ENSMUSG00000013033
Asf1b,ENSMUSG00000005470
Podnl1,ENSMUSG00000012889
Gm26532,ENSMUSG00000097296
Ier2,ENSMUSG00000053560
Gpt2,ENSMUSG00000031700
Mt2,ENSMUSG00000031762
Mt1,ENSMUSG00000031765
Herpud1,ENSMUSG00000031770
Ccl22,ENSMUSG00000031779
Ccl17,ENSMUSG00000031780
Adgrg3,ENSMUSG00000060470
Rrad,ENSMUSG00000031880
Kctd19,ENSMUSG00000051648
Tppp3,ENSMUSG00000014846
Dpep2,ENSMUSG00000053687
Nfatc3,ENSMUSG00000031902
Hp,ENSMUSG00000031722
Tmem170,ENSMUSG00000031953
Maf,ENSMUSG00000055435
Cmc2,ENSMUSG00000014633
Osgin1,ENSMUSG00000074063
Gins2,ENSMUSG00000031821
Irf8,ENSMUSG00000041515
Klhdc4,ENSMUSG00000040263
Gm20406,ENSMUSG00000092418
Gm42047,ENSMUSG00000110631
Cbfa2t3,ENSMUSG00000006362
2810013P06Rik,ENSMUSG00000099881
Tubb3,ENSMUSG00000062380
Fam89a,ENSMUSG00000043068
Mmp13,ENSMUSG00000050578
Mmp12,ENSMUSG00000049723
Mmp8,ENSMUSG00000005800
Tmem123,ENSMUSG00000050912
Birc2,ENSMUSG00000057367
Sesn3,ENSMUSG00000032009
Izumo1r,ENSMUSG00000031933
Smco4,ENSMUSG00000058173
Olfr77,ENSMUSG00000051118
Icam1,ENSMUSG00000037405
Gm47079,ENSMUSG00000110790
S1pr5,ENSMUSG00000045087
Gm26511,ENSMUSG00000097155
Spc24,ENSMUSG00000074476
Acp5,ENSMUSG00000001348
Ets1,ENSMUSG00000032035
Chek1,ENSMUSG00000032113
Nrgn,ENSMUSG00000053310
Olfr920,ENSMUSG00000061039
Crtam,ENSMUSG00000032021
Gm39321,ENSMUSG00000111167
Thy1,ENSMUSG00000032011
H2afx,ENSMUSG00000049932
Cxcr5,ENSMUSG00000047880
Kmt2a,ENSMUSG00000002028
Cd3g,ENSMUSG00000002033
Cd3d,ENSMUSG00000032094
Cd3e,ENSMUSG00000032093
Mpzl3,ENSMUSG00000070305
Jaml,ENSMUSG00000048534
BC049352,ENSMUSG00000091996
A830035O19Rik,ENSMUSG00000111329
Cadm1,ENSMUSG00000032076
Zbtb16,ENSMUSG00000066687
Plet1,ENSMUSG00000032068
Fdx1,ENSMUSG00000032051
Zc3h12c,ENSMUSG00000035164
Dmxl2,ENSMUSG00000041268
Acsbg1,ENSMUSG00000032281
Dnaja4,ENSMUSG00000032285
Tspan3,ENSMUSG00000032324
Gm29322,ENSMUSG00000099543
Peak1os,ENSMUSG00000097111
Gm26631,ENSMUSG00000097445
Sema7a,ENSMUSG00000038264
Tmem202,ENSMUSG00000049526
Kif23,ENSMUSG00000032254
Paqr5,ENSMUSG00000032278
Dennd4a,ENSMUSG00000053641
Pclaf,ENSMUSG00000040204
Herc1,ENSMUSG00000038664
Fbxl22,ENSMUSG00000050503
Lactb,ENSMUSG00000032370
Tpm1,ENSMUSG00000032366
Rora,ENSMUSG00000032238
Ccnb2,ENSMUSG00000032218
Aqp9,ENSMUSG00000032204
Tcf12,ENSMUSG00000032228
Ccpg1,ENSMUSG00000034563
Lysmd2,ENSMUSG00000032184
Gclc,ENSMUSG00000032350
Myo6,ENSMUSG00000033577
Phip,ENSMUSG00000032253
Hmgn3,ENSMUSG00000066456
Tent5a,ENSMUSG00000032265
Nt5e,ENSMUSG00000032420
Gm2396,ENSMUSG00000099930
Bcl2a1a,ENSMUSG00000102037
Bcl2a1b,ENSMUSG00000089929
Plscr1,ENSMUSG00000032369
Chst2,ENSMUSG00000033350
Rasa2,ENSMUSG00000032413
Gm19325,ENSMUSG00000101365
Trf,ENSMUSG00000032554
Tmem108,ENSMUSG00000042757
Nphp3,ENSMUSG00000032558
Acy1,ENSMUSG00000023262
Cish,ENSMUSG00000032578
Nradd,ENSMUSG00000032491
Ltf,ENSMUSG00000032496
Ccrl2,ENSMUSG00000043953
Lrrfip2,ENSMUSG00000032497
Eomes,ENSMUSG00000032446
Cx3cr1,ENSMUSG00000052336
Ccr8,ENSMUSG00000042262
Ulk4,ENSMUSG00000040936
Sec22c,ENSMUSG00000061536
Nktr,ENSMUSG00000032525
E530011L22Rik,ENSMUSG00000097820
Kif15,ENSMUSG00000036768
Tmem158,ENSMUSG00000054871
Lars2,ENSMUSG00000035202
Ccr9,ENSMUSG00000029530
Lztfl1,ENSMUSG00000025245
Cxcr6,ENSMUSG00000048521
Ccr1,ENSMUSG00000025804
Ccr3,ENSMUSG00000035448
Ccr2,ENSMUSG00000049103
Syne1,ENSMUSG00000096054
Fbxo5,ENSMUSG00000019773
Ipcef1,ENSMUSG00000064065
Nup43,ENSMUSG00000040034
Utrn,ENSMUSG00000019820
B230208H11Rik,ENSMUSG00000097378
Plagl1,ENSMUSG00000019817
Adgrg6,ENSMUSG00000039116
Cited2,ENSMUSG00000039910
Txlnb,ENSMUSG00000039891
Gm10827,ENSMUSG00000096977
Tnfaip3,ENSMUSG00000019850
Gm33104,ENSMUSG00000110902
Ifngr1,ENSMUSG00000020009
4933406P04Rik,ENSMUSG00000069713
Ahi1,ENSMUSG00000019986
Myb,ENSMUSG00000019982
Sgk1,ENSMUSG00000019970
E030030I06Rik,ENSMUSG00000097327
Gm26740,ENSMUSG00000097705
Slc2a12,ENSMUSG00000037490
Arg1,ENSMUSG00000019987
Samd3,ENSMUSG00000051354
Themis,ENSMUSG00000049109
Cenpw,ENSMUSG00000075266
Ncoa7,ENSMUSG00000039697
Calhm6,ENSMUSG00000046031
Marcks,ENSMUSG00000069662
Cep57l1,ENSMUSG00000019813
Sesn1,ENSMUSG00000038332
Scml4,ENSMUSG00000044770
Cd24a,ENSMUSG00000047139
Rtn4ip1,ENSMUSG00000019864
Lilr4b,ENSMUSG00000112023
Gm40645,ENSMUSG00000112766
Hsf2,ENSMUSG00000019878
Pkib,ENSMUSG00000019876
Smpdl3a,ENSMUSG00000019872
Ccdc138,ENSMUSG00000038010
Ddit4,ENSMUSG00000020108
Adamts14,ENSMUSG00000059901
Prf1,ENSMUSG00000037202
Gm48086,ENSMUSG00000112229
1110002J07Rik,ENSMUSG00000097134
Egr2,ENSMUSG00000037868
Cdk1,ENSMUSG00000019942
Upb1,ENSMUSG00000033427
Ddt,ENSMUSG00000001666
Gstt1,ENSMUSG00000001663
Gstt2,ENSMUSG00000033318
Chchd10,ENSMUSG00000049422
Trpm2,ENSMUSG00000009292
Gzmm,ENSMUSG00000054206
Gadd45b,ENSMUSG00000015312
Tbxa2r,ENSMUSG00000034881
S1pr4,ENSMUSG00000044199
1500009L16Rik,ENSMUSG00000087651
Spic,ENSMUSG00000004359
Gm17745,ENSMUSG00000110647
Plxnc1,ENSMUSG00000074785
Socs2,ENSMUSG00000020027
Nudt4,ENSMUSG00000020029
4732465J04Rik,ENSMUSG00000101517
Eea1,ENSMUSG00000036499
Atp2b1,ENSMUSG00000019943
Gm48768,ENSMUSG00000112346
Dusp6,ENSMUSG00000019960
Tmtc2,ENSMUSG00000036019
Phlda1,ENSMUSG00000020205
Zfc3h1,ENSMUSG00000034163
Lyz1,ENSMUSG00000069515
Cpm,ENSMUSG00000020183
Il22,ENSMUSG00000074695
Ifng,ENSMUSG00000055170
4930471E19Rik,ENSMUSG00000112716
Tbc1d30,ENSMUSG00000052302
Ddit3,ENSMUSG00000025408
Prim1,ENSMUSG00000025395
Il23a,ENSMUSG00000025383
Ikzf4,ENSMUSG00000002578
Mmp19,ENSMUSG00000025355
Cd63,ENSMUSG00000025351
Tespa1,ENSMUSG00000034833
Sfi1,ENSMUSG00000023764
Pik3ip1,ENSMUSG00000034614
Selenom,ENSMUSG00000075702
Osm,ENSMUSG00000058755
Lif,ENSMUSG00000034394
Kremen1,ENSMUSG00000020393
Pgam2,ENSMUSG00000020475
Camk2b,ENSMUSG00000057897
H2afv,ENSMUSG00000041126
Snhg15,ENSMUSG00000085156
Ramp3,ENSMUSG00000041046
Upp1,ENSMUSG00000020407
Eldr,ENSMUSG00000087060
Etaa1os,ENSMUSG00000086468
Lgalsl,ENSMUSG00000042363
Rel,ENSMUSG00000020275
Bcl11a,ENSMUSG00000000861
Chac2,ENSMUSG00000020309
Nsg2,ENSMUSG00000020297
Hmmr,ENSMUSG00000020330
Il12b,ENSMUSG00000004296
Ebf1,ENSMUSG00000057098
Itk,ENSMUSG00000020395
Timd4,ENSMUSG00000055546
Ifi47,ENSMUSG00000078920
Ltc4s,ENSMUSG00000020377
Jade2,ENSMUSG00000020387
Tcf7,ENSMUSG00000000782
Irf1,ENSMUSG00000018899
Gm12216,ENSMUSG00000081769
Pdlim4,ENSMUSG00000020388
Csf2,ENSMUSG00000018916
Rapgef6,ENSMUSG00000037533
Sparc,ENSMUSG00000018593
Gm12253,ENSMUSG00000058287
Nlrp3,ENSMUSG00000032691
Grap,ENSMUSG00000004837
Specc1,ENSMUSG00000042331
Pmp22,ENSMUSG00000018217
Pfas,ENSMUSG00000020899
Per1,ENSMUSG00000020893
Chd3,ENSMUSG00000018474
Kdm6bos,ENSMUSG00000085178
Mgl2,ENSMUSG00000040950
Clec10a,ENSMUSG00000000318
Cxcl16,ENSMUSG00000018920
Zmynd15,ENSMUSG00000040829
Tm4sf5,ENSMUSG00000018919
Eno3,ENSMUSG00000060600
Pimreg,ENSMUSG00000020808
Itgae,ENSMUSG00000005947
Hic1,ENSMUSG00000043099
Smyd4,ENSMUSG00000018809
Rflnb,ENSMUSG00000020846
Ssh2,ENSMUSG00000037926
Nufip2,ENSMUSG00000037857
Traf4,ENSMUSG00000017386
Rab34,ENSMUSG00000002059
Spag5,ENSMUSG00000002055
Nos2,ENSMUSG00000020826
Ksr1,ENSMUSG00000018334
Myo1d,ENSMUSG00000035441
Ccl7,ENSMUSG00000035373
Ccl12,ENSMUSG00000035352
Ccl8,ENSMUSG00000009185
Ccl1,ENSMUSG00000020702
Gm20234,ENSMUSG00000111713
Slfn4,ENSMUSG00000000204
AA465934,ENSMUSG00000093483
Ccl9,ENSMUSG00000019122
Ccl6,ENSMUSG00000018927
Ccl3,ENSMUSG00000000982
Wfdc17,ENSMUSG00000069792
Wfdc21,ENSMUSG00000051748
Dusp14,ENSMUSG00000018648
Brip1,ENSMUSG00000034329
Dhx40,ENSMUSG00000018425
Rnf43,ENSMUSG00000034177
Mir142hg,ENSMUSG00000084796
Msi2,ENSMUSG00000069769
Gm45716,ENSMUSG00000110344
Mmd,ENSMUSG00000003948
Hlf,ENSMUSG00000003949
Gngt2,ENSMUSG00000038811
Skap1,ENSMUSG00000057058
Tbx21,ENSMUSG00000001444
Cwc25,ENSMUSG00000018541
Arl5c,ENSMUSG00000038352
Cacnb1,ENSMUSG00000020882
Ikzf3,ENSMUSG00000018168
Csf3,ENSMUSG00000038067
Top2a,ENSMUSG00000020914
Igfbp4,ENSMUSG00000017493
Ccr7,ENSMUSG00000037944
Dnajc7,ENSMUSG00000014195
Stat5a,ENSMUSG00000004043
Vps25,ENSMUSG00000078656
Arl4d,ENSMUSG00000034936
Adam11,ENSMUSG00000020926
Hexim1,ENSMUSG00000048878
Map3k14,ENSMUSG00000020941
1700028N14Rik,ENSMUSG00000078635
Arhgap27os1,ENSMUSG00000085733
Mapt,ENSMUSG00000018411
Itgb3,ENSMUSG00000020689
Ace,ENSMUSG00000020681
Cd79b,ENSMUSG00000040592
Pitpnc1,ENSMUSG00000040430
Gm11714,ENSMUSG00000087113
Prkca,ENSMUSG00000050965
Axin2,ENSMUSG00000000142
Kcnj2,ENSMUSG00000041695
2610035D17Rik,ENSMUSG00000087259
Cd300c,ENSMUSG00000058728
Cd300ld,ENSMUSG00000034641
Cd300c2,ENSMUSG00000044811
Cd300e,ENSMUSG00000048498
Hid1,ENSMUSG00000034586
Smim5,ENSMUSG00000048442
Fbf1,ENSMUSG00000020776
Foxj1,ENSMUSG00000034227
Rnf157,ENSMUSG00000052949
Ubald2,ENSMUSG00000050628
Syngr2,ENSMUSG00000048277
Tk1,ENSMUSG00000025574
Birc5,ENSMUSG00000017716
Socs3,ENSMUSG00000053113
Timp2,ENSMUSG00000017466
Slc26a11,ENSMUSG00000039908
Cbr2,ENSMUSG00000025150
Slc16a3,ENSMUSG00000025161
Cd7,ENSMUSG00000025163
Gm12589,ENSMUSG00000085126
Kif3c,ENSMUSG00000020668
AC241534.1,ENSMUSG00000118449
Hs1bp3,ENSMUSG00000020605
Rhob,ENSMUSG00000054364
Sdc1,ENSMUSG00000020592
Smc6,ENSMUSG00000020608
Trib2,ENSMUSG00000020601
Odc1,ENSMUSG00000011179
Rrm2,ENSMUSG00000020649
Id2,ENSMUSG00000020644
Gm36723,ENSMUSG00000113669
Rsad2,ENSMUSG00000020641
Cmpk2,ENSMUSG00000020638
Dus4l,ENSMUSG00000020648
F730043M19Rik,ENSMUSG00000052125
Ahr,ENSMUSG00000019256
9130015A21Rik,ENSMUSG00000113985
Scin,ENSMUSG00000002565
Lsmem1,ENSMUSG00000071342
Gm17056,ENSMUSG00000090387
Egln3,ENSMUSG00000035105
2700097O09Rik,ENSMUSG00000062198
Pnn,ENSMUSG00000020994
Fancm,ENSMUSG00000055884
5830428M24Rik,ENSMUSG00000113035
Zbtb1,ENSMUSG00000033454
Mpp5,ENSMUSG00000021112
Arg2,ENSMUSG00000021125
Rdh12,ENSMUSG00000021123
Zfp36l1,ENSMUSG00000021127
Actn1,ENSMUSG00000015143
Acot2,ENSMUSG00000021226
Acot1,ENSMUSG00000072949
Elmsan1,ENSMUSG00000042507
Pgf,ENSMUSG00000004791
Fos,ENSMUSG00000021250
Gm47863,ENSMUSG00000113165
Cep128,ENSMUSG00000061533
Gm20682,ENSMUSG00000093465
Gm19951,ENSMUSG00000113136
Nrde2,ENSMUSG00000021179
Gpr68,ENSMUSG00000047415
Ccdc88c,ENSMUSG00000021182
Asb2,ENSMUSG00000021200
Ifi27,ENSMUSG00000064215
Serpina3f,ENSMUSG00000066363
Serpina3g,ENSMUSG00000041481
Bcl11b,ENSMUSG00000048251
Eml1,ENSMUSG00000058070
Degs2,ENSMUSG00000021263
Hsp90aa1,ENSMUSG00000021270
Tnfaip2,ENSMUSG00000021281
Ckb,ENSMUSG00000001270
Crip2,ENSMUSG00000006356
Ighg2b,ENSMUSG00000076613
Ighd,ENSMUSG00000104213
Ighm,ENSMUSG00000076617
Esyt2,ENSMUSG00000021171
Itgb8,ENSMUSG00000025321
Calm4,ENSMUSG00000033765
Net1,ENSMUSG00000021215
Idi1,ENSMUSG00000058258
Dip2c,ENSMUSG00000048264
Actn2,ENSMUSG00000052374
Lyst,ENSMUSG00000019726
Inhba,ENSMUSG00000041324
Tcrg-C1,ENSMUSG00000076749
Tcrg-C2,ENSMUSG00000076752
Tcrg-C4,ENSMUSG00000076757
Hist1h2ak,ENSMUSG00000063021
Hist1h1b,ENSMUSG00000058773
Hist1h2ap,ENSMUSG00000094777
Hist1h4i,ENSMUSG00000060639
Hist1h2bj,ENSMUSG00000069300
Hist1h1d,ENSMUSG00000052565
Hist1h2ae,ENSMUSG00000069272
Hist1h3d,ENSMUSG00000099583
Hist1h2be,ENSMUSG00000047246
Hist1h1e,ENSMUSG00000051627
Hist1h2ac,ENSMUSG00000069270
Hist1h2bc,ENSMUSG00000018102
Hist1h4c,ENSMUSG00000060678
Hfe,ENSMUSG00000006611
Hist1h1c,ENSMUSG00000036181
Hist1h3a,ENSMUSG00000069265
Cmah,ENSMUSG00000016756
Ripor2,ENSMUSG00000036006
Gmnn,ENSMUSG00000006715
Sox4,ENSMUSG00000076431
Irf4,ENSMUSG00000021356
Serpinb1a,ENSMUSG00000044734
Serpinb6b,ENSMUSG00000042842
Gm47662,ENSMUSG00000114185
Serpinb9,ENSMUSG00000045827
Serpinb9b,ENSMUSG00000021403
Serpinb6a,ENSMUSG00000060147
Tubb2b,ENSMUSG00000045136
Pxdc1,ENSMUSG00000021411
Prpf4b,ENSMUSG00000021413
Nrn1,ENSMUSG00000039114
F13a1,ENSMUSG00000039109
AI463229,ENSMUSG00000114828
Riok1,ENSMUSG00000021428
Nedd9,ENSMUSG00000021365
Edn1,ENSMUSG00000021367
Cd83,ENSMUSG00000015396
Gm34084,ENSMUSG00000113010
Atxn1,ENSMUSG00000046876
Rnf144b,ENSMUSG00000038068
Cks2,ENSMUSG00000062248
Gadd45g,ENSMUSG00000021453
Simc1,ENSMUSG00000043183
Mxd3,ENSMUSG00000021485
Prr7,ENSMUSG00000034686
Gkap1,ENSMUSG00000021552
Ctla2b,ENSMUSG00000074874
Ctla2a,ENSMUSG00000044258
Gm5141,ENSMUSG00000091183
Ctsl,ENSMUSG00000021477
Gm47123,ENSMUSG00000113683
Mtrr,ENSMUSG00000034617
Trip13,ENSMUSG00000021569
Gm48302,ENSMUSG00000113041
5430425K12Rik,ENSMUSG00000114554
Gm17259,ENSMUSG00000097793
Mef2c,ENSMUSG00000005583
Vcan,ENSMUSG00000021614
Dhfr,ENSMUSG00000021707
Jmy,ENSMUSG00000021690
Arsb,ENSMUSG00000042082
Lhfpl2,ENSMUSG00000045312
F2r,ENSMUSG00000048376
Sv2c,ENSMUSG00000051111
Tmem171,ENSMUSG00000052485
Map1b,ENSMUSG00000052727
Cenph,ENSMUSG00000045273
Ccnb1,ENSMUSG00000041431
Pik3r1,ENSMUSG00000041417
Mast4,ENSMUSG00000034751
Trim23,ENSMUSG00000021712
Shisal2b,ENSMUSG00000042655
Pde4d,ENSMUSG00000021699
Plk2,ENSMUSG00000021701
Ccno,ENSMUSG00000042417
Gzma,ENSMUSG00000023132
Gzmk,ENSMUSG00000042385
Itga2,ENSMUSG00000015533
Emb,ENSMUSG00000021728
Hmgcs1,ENSMUSG00000093930
Gm21762,ENSMUSG00000094027
Dnase1l3,ENSMUSG00000025279
Kcnk5,ENSMUSG00000023243
Gm30054,ENSMUSG00000114937
Dnajc9,ENSMUSG00000021811
Plau,ENSMUSG00000021822
Zfp503,ENSMUSG00000039081
Gm7644,ENSMUSG00000114553
Bmpr1a,ENSMUSG00000021796
Ear2,ENSMUSG00000072596
AC160336.1,ENSMUSG00000115801
Ptger2,ENSMUSG00000037759
Gpr137c,ENSMUSG00000049092
Ero1l,ENSMUSG00000021831
Cdkn3,ENSMUSG00000037628
Ktn1,ENSMUSG00000021843
Rnase6,ENSMUSG00000021880
Rpgrip1,ENSMUSG00000057132
Trdv4,ENSMUSG00000076867
Trdc,ENSMUSG00000104876
Trac,ENSMUSG00000076928
Gm43305,ENSMUSG00000105703
Mmp14,ENSMUSG00000000957
Cma1,ENSMUSG00000022225
Gzme,ENSMUSG00000022156
Gzmd,ENSMUSG00000059256
Gzmg,ENSMUSG00000040284
Gzmf,ENSMUSG00000015441
Gzmc,ENSMUSG00000079186
Gzmb,ENSMUSG00000015437
Amer2,ENSMUSG00000021986
Blk,ENSMUSG00000014453
Msra,ENSMUSG00000054733
Zfp395,ENSMUSG00000034522
Pbk,ENSMUSG00000022033
Esco2,ENSMUSG00000022034
Bnip3l,ENSMUSG00000022051
Tnfrsf10b,ENSMUSG00000022074
Egr3,ENSMUSG00000033730
Cysltr2,ENSMUSG00000033470
Nudt15,ENSMUSG00000033405
Tsc22d1,ENSMUSG00000022010
Tnfsf11,ENSMUSG00000022015
Dgkh,ENSMUSG00000034731
Rgcc,ENSMUSG00000022018
Olfm4,ENSMUSG00000022026
Tbc1d4,ENSMUSG00000033083
Commd6,ENSMUSG00000075486
Gm34589,ENSMUSG00000115816
Kctd12,ENSMUSG00000098557
4933432I03Rik,ENSMUSG00000114980
Acod1,ENSMUSG00000022126
Ednrb,ENSMUSG00000022122
Spry2,ENSMUSG00000022114
Gpr18,ENSMUSG00000050350
Gpr183,ENSMUSG00000051212
Tmtc4,ENSMUSG00000041594
Ptger4,ENSMUSG00000039942
Dab2,ENSMUSG00000022150
Cplane1,ENSMUSG00000039801
Il7r,ENSMUSG00000003882
Basp1,ENSMUSG00000045763
Myo10,ENSMUSG00000022272
Ankrd33b,ENSMUSG00000022237
Laptm4b,ENSMUSG00000022257
Gm48960,ENSMUSG00000115829
Gm49077,ENSMUSG00000115546
AU022793,ENSMUSG00000115230
Sntb1,ENSMUSG00000060429
Atad2,ENSMUSG00000022360
Fbxo32,ENSMUSG00000022358
Mtss1,ENSMUSG00000022353
Gm19510,ENSMUSG00000115426
Gm2682,ENSMUSG00000115681
Myc,ENSMUSG00000022346
Ccn4,ENSMUSG00000005124
Ndrg1,ENSMUSG00000005125
Dennd3,ENSMUSG00000036661
Ly6d,ENSMUSG00000034634
Ly6k,ENSMUSG00000044678
Gm39556,ENSMUSG00000116380
Ly6i,ENSMUSG00000022586
Ly6a,ENSMUSG00000075602
Ly6c1,ENSMUSG00000079018
Ly6g,ENSMUSG00000022582
Grina,ENSMUSG00000022564
Mirt2,ENSMUSG00000115946
Smpd5,ENSMUSG00000071724
Dgat1,ENSMUSG00000022555
Tst,ENSMUSG00000044986
Il2rb,ENSMUSG00000068227
C1qtnf6,ENSMUSG00000022440
H1f0,ENSMUSG00000096210
Gcat,ENSMUSG00000006378
Cbx6,ENSMUSG00000089715
Pdgfb,ENSMUSG00000000489
Syngr1,ENSMUSG00000022415
Grap2,ENSMUSG00000042351
Tnrc6b,ENSMUSG00000047888
Tnfrsf13c,ENSMUSG00000068105
Celsr1,ENSMUSG00000016028
Pim3,ENSMUSG00000035828
C730034F03Rik,ENSMUSG00000079242
Lrrk2,ENSMUSG00000036273
Pced1b,ENSMUSG00000044250
Ccdc184,ENSMUSG00000029875
Adcy6,ENSMUSG00000022994
Cacnb3,ENSMUSG00000003352
Tuba1b,ENSMUSG00000023004
Tuba1a,ENSMUSG00000072235
4930578M01Rik,ENSMUSG00000097587
Racgap1,ENSMUSG00000023015
Csrnp2,ENSMUSG00000044636
Pou6f1,ENSMUSG00000009739
Slc4a8,ENSMUSG00000023032
Grasp,ENSMUSG00000000531
Nr4a1,ENSMUSG00000023034
Krt83,ENSMUSG00000067613
Igfbp6,ENSMUSG00000023046
Map3k12,ENSMUSG00000023050
Gpr84,ENSMUSG00000063234
Gm41409,ENSMUSG00000115961
Tfap4,ENSMUSG00000005718
Rogdi,ENSMUSG00000022540
Ciita,ENSMUSG00000022504
Socs1,ENSMUSG00000038037
Tnp2,ENSMUSG00000043050
Snn,ENSMUSG00000037972
Snx29,ENSMUSG00000071669
Cebpd,ENSMUSG00000071637
Fgd4,ENSMUSG00000022788
Iglc1,ENSMUSG00000105906
Iglc3,ENSMUSG00000105547
Iglc2,ENSMUSG00000076937
Klhl6,ENSMUSG00000043008
Klhl24,ENSMUSG00000062901
1300002E11Rik,ENSMUSG00000097290
Igf2bp2,ENSMUSG00000033581
Rfc4,ENSMUSG00000022881
A230028O05Rik,ENSMUSG00000096960
Cldn1,ENSMUSG00000022512
Il1rap,ENSMUSG00000022514
Hes1,ENSMUSG00000022528
Apod,ENSMUSG00000022548
Pcyt1a,ENSMUSG00000005615
Gm34680,ENSMUSG00000116957
Tfrc,ENSMUSG00000022797
Gm15564,ENSMUSG00000086324
Fam162a,ENSMUSG00000003955
Stfa2l1,ENSMUSG00000059657
Cstdc4,ENSMUSG00000079597
Csta3,ENSMUSG00000094733
Csta2,ENSMUSG00000095620
Pla1a,ENSMUSG00000002847
Cd80,ENSMUSG00000075122
Poglut1,ENSMUSG00000034064
Tmem39a,ENSMUSG00000002845
Arhgap31,ENSMUSG00000022799
Zbtb20,ENSMUSG00000022708
Gramd1c,ENSMUSG00000036292
Sidt1,ENSMUSG00000022696
Cd200r1,ENSMUSG00000022667
Cd200,ENSMUSG00000022661
Plcxd2,ENSMUSG00000087141
Trat1,ENSMUSG00000030775
Retnlg,ENSMUSG00000022651
Gm15518,ENSMUSG00000087066
Cblb,ENSMUSG00000022637
Nfkbiz,ENSMUSG00000035356
St3gal6,ENSMUSG00000022747
Gbe1,ENSMUSG00000022707
Samsn1,ENSMUSG00000022876
Nrip1,ENSMUSG00000048490
D16Ertd472e,ENSMUSG00000022864
Mir155hg,ENSMUSG00000097418
Paxbp1,ENSMUSG00000022974
Slc5a3,ENSMUSG00000089774
Gm16310,ENSMUSG00000086331
Ets2,ENSMUSG00000022895
Gm15340,ENSMUSG00000085903
Hmgn1,ENSMUSG00000040681
Sh3bgr,ENSMUSG00000040666
Dscam,ENSMUSG00000050272
Sytl3,ENSMUSG00000041831
Tagap,ENSMUSG00000033450
Gm1604a,ENSMUSG00000116760
Igf2r,ENSMUSG00000023830
Sod2,ENSMUSG00000006818
Fpr1,ENSMUSG00000045551
Fpr2,ENSMUSG00000052270
Mmp25,ENSMUSG00000023903
Gm50071,ENSMUSG00000117523
Ccnf,ENSMUSG00000072082
Snhg9,ENSMUSG00000090101
Ift140,ENSMUSG00000024169
Baiap3,ENSMUSG00000047507
Gm34455,ENSMUSG00000118107
Pacsin1,ENSMUSG00000040276
E230001N04Rik,ENSMUSG00000066170
4930539E08Rik,ENSMUSG00000048905
Rab44,ENSMUSG00000064147
Gm36486,ENSMUSG00000117575
Cmtr1,ENSMUSG00000024019
Tff1,ENSMUSG00000024032
Ubash3a,ENSMUSG00000042345
Gm26549,ENSMUSG00000097217
H2-Oa,ENSMUSG00000024334
H2-DMb2,ENSMUSG00000037548
H2-DMb1,ENSMUSG00000079547
H2-Ob,ENSMUSG00000041538
H2-Eb1,ENSMUSG00000060586
H2-Eb2,ENSMUSG00000067341
Cfb,ENSMUSG00000090231
Hspa1b,ENSMUSG00000090877
Hspa1a,ENSMUSG00000091971
Aif1,ENSMUSG00000024397
Ltb,ENSMUSG00000024399
Tnf,ENSMUSG00000024401
Lta,ENSMUSG00000024402
H2-Q6,ENSMUSG00000073409
H2-Q10,ENSMUSG00000067235
Tcf19,ENSMUSG00000050410
Ier3,ENSMUSG00000003541
Tubb5,ENSMUSG00000001525
Znrd1as,ENSMUSG00000036214
Gabbr1,ENSMUSG00000024462
Gm26917,ENSMUSG00000097971
AY036118,ENSMUSG00000105361
Pla2g7,ENSMUSG00000023913
1700071M16Rik,ENSMUSG00000090307
Runx2,ENSMUSG00000039153
Vegfa,ENSMUSG00000023951
Polh,ENSMUSG00000023953
Foxp4,ENSMUSG00000023991
9830107B12Rik,ENSMUSG00000073386
Trem1,ENSMUSG00000042265
Trem3,ENSMUSG00000041754
Treml4,ENSMUSG00000051682
Trem2,ENSMUSG00000023992
Unc5cl,ENSMUSG00000043592
Satb1,ENSMUSG00000023927
Gm19585,ENSMUSG00000100150
Sgo1,ENSMUSG00000023940
Adgre4,ENSMUSG00000032915
Lrg1,ENSMUSG00000037095
Uhrf1,ENSMUSG00000001228
Tnfsf9,ENSMUSG00000035678
Cd70,ENSMUSG00000019489
C3,ENSMUSG00000024164
Ankrd12,ENSMUSG00000034647
Smchd1,ENSMUSG00000024054
Ehd3,ENSMUSG00000024065
Crim1,ENSMUSG00000024074
Cebpz,ENSMUSG00000024081
Cdc42ep3,ENSMUSG00000036533
Gemin6,ENSMUSG00000055760
Pkdcc,ENSMUSG00000024247
Gm19696,ENSMUSG00000117485
Thada,ENSMUSG00000024251
Prepl,ENSMUSG00000024127
Mcfd2,ENSMUSG00000024150
Mettl4,ENSMUSG00000055660
Crem,ENSMUSG00000063889
Bambi,ENSMUSG00000024232
Jcad,ENSMUSG00000033960
Gm10125,ENSMUSG00000063087
Zeb1,ENSMUSG00000024238
Arhgap12,ENSMUSG00000041225
Mpp7,ENSMUSG00000057440
Impact,ENSMUSG00000024423
Rnf125,ENSMUSG00000033107
Rnf138,ENSMUSG00000024317
Gm49980,ENSMUSG00000117465
Camk4,ENSMUSG00000038128
Brd8,ENSMUSG00000003778
Kif20a,ENSMUSG00000003779
Egr1,ENSMUSG00000038418
Mzb1,ENSMUSG00000024353
Cystm1,ENSMUSG00000046727
Hbegf,ENSMUSG00000024486
Apbb3,ENSMUSG00000117679
Cd14,ENSMUSG00000051439
Ndfip1,ENSMUSG00000024425
Gm16283,ENSMUSG00000087020
Dmxl1,ENSMUSG00000037416
Ppic,ENSMUSG00000024538
Gramd3,ENSMUSG00000001700
Lmnb1,ENSMUSG00000024590
March3,ENSMUSG00000032656
Slc12a2,ENSMUSG00000024597
Gm4951,ENSMUSG00000073555
F830016B08Rik,ENSMUSG00000090942
Iigp1,ENSMUSG00000054072
Adrb2,ENSMUSG00000045730
Malt1,ENSMUSG00000032688
Pmaip1,ENSMUSG00000024521
Gm26910,ENSMUSG00000097835
Ldlrad4,ENSMUSG00000024544
Tcf4,ENSMUSG00000053477
Rab27b,ENSMUSG00000024511
Lipg,ENSMUSG00000053846
Smad7,ENSMUSG00000025880
Nfatc1,ENSMUSG00000033016
Tshz1,ENSMUSG00000046982
Cd226,ENSMUSG00000034028
Chka,ENSMUSG00000024843
Gstp3,ENSMUSG00000058216
Cdk2ap2,ENSMUSG00000024856
Ptprcap,ENSMUSG00000045826
Carns1,ENSMUSG00000075289
Tbc1d10c,ENSMUSG00000040247
Ctsw,ENSMUSG00000024910
Efemp2,ENSMUSG00000024909
Snx32,ENSMUSG00000056185
Neat1,ENSMUSG00000092274
Cdca5,ENSMUSG00000024791
Atg2a,ENSMUSG00000024773
Rasgrp2,ENSMUSG00000032946
Incenp,ENSMUSG00000024660
Rab3il1,ENSMUSG00000024663
Fads2,ENSMUSG00000024665
Cyb561a3,ENSMUSG00000034445
Cd5,ENSMUSG00000024669
A430093F15Rik,ENSMUSG00000067577
Cd6,ENSMUSG00000024670
Gm10802,ENSMUSG00000118027
Gm28347,ENSMUSG00000101264
AW112010,ENSMUSG00000075010
Ms4a1,ENSMUSG00000024673
Ms4a14,ENSMUSG00000099398
Ms4a7,ENSMUSG00000024672
Ms4a4b,ENSMUSG00000056290
BE692007,ENSMUSG00000099757
Gm8369,ENSMUSG00000058470
Nmrk1,ENSMUSG00000037847
Anxa1,ENSMUSG00000024659
Gda,ENSMUSG00000058624
Cemip2,ENSMUSG00000024754
Cd274,ENSMUSG00000016496
Pdcd1lg2,ENSMUSG00000016498
Uhrf2,ENSMUSG00000024817
Gldc,ENSMUSG00000024827
Ankrd22,ENSMUSG00000024774
Ch25h,ENSMUSG00000050370
Ifit2,ENSMUSG00000045932
Ifit3,ENSMUSG00000074896
Ifit1bl1,ENSMUSG00000079339
Ifit3b,ENSMUSG00000062488
Ifit1bl2,ENSMUSG00000067297
Ifit1,ENSMUSG00000034459
Hectd2,ENSMUSG00000041180
Fgfbp3,ENSMUSG00000047632
Kif11,ENSMUSG00000012443
Hells,ENSMUSG00000025001
Tctn3,ENSMUSG00000025008
Entpd1,ENSMUSG00000048120
Blnk,ENSMUSG00000061132
Dntt,ENSMUSG00000025014
Avpi1,ENSMUSG00000018821
Got1,ENSMUSG00000025190
Scd1,ENSMUSG00000037071
Sh3pxd2a,ENSMUSG00000053617
Mirt1,ENSMUSG00000097636
4833407H14Rik,ENSMUSG00000097779
Pdcd4,ENSMUSG00000024975
Dclre1a,ENSMUSG00000025077
Ablim1,ENSMUSG00000025085
Foxp3,ENSMUSG00000039521
Pim2,ENSMUSG00000031155
Gm14636,ENSMUSG00000073274
Usp11,ENSMUSG00000031066
Timp1,ENSMUSG00000001131
Sept6,ENSMUSG00000050379
Rhox5,ENSMUSG00000095180
Sh2d1a,ENSMUSG00000005696
Bcorl1,ENSMUSG00000036959
Xlr,ENSMUSG00000054626
3830403N18Rik,ENSMUSG00000031125
Cd40lg,ENSMUSG00000031132
Maged1,ENSMUSG00000025151
F630028O10Rik,ENSMUSG00000078122
Ar,ENSMUSG00000046532
Kif4,ENSMUSG00000034311
Ogt,ENSMUSG00000034160
Cxcr3,ENSMUSG00000050232
P2ry10,ENSMUSG00000050921
Gpr174,ENSMUSG00000073008
Gm6377,ENSMUSG00000048621
Gla,ENSMUSG00000031266
Tceal9,ENSMUSG00000042712
Bex3,ENSMUSG00000046432
Zcchc18,ENSMUSG00000031428
Tsc22d3,ENSMUSG00000031431
Kantr,ENSMUSG00000087403
Spin2c,ENSMUSG00000046550
Bclaf3,ENSMUSG00000044150
Reps2,ENSMUSG00000040855
Gm8817,ENSMUSG00000086008
Mid1,ENSMUSG00000035299
G530011O06Rik,ENSMUSG00000072844
Gm47283,ENSMUSG00000096768
AC149090.1,ENSMUSG00000095041
